id,date,time,evla,evlo,evdp,mag,imagtyp,dir
20120110183659,2012-01-10,18:36:59.080,2.4330,93.2100,19.0,7.2,mww,CENC/20120110183659
20120115134019,2012-01-15,13:40:19.540,-60.9480,-56.1130,8.0,6.6,mww,CENC/20120115134019
20120202133440,2012-02-02,13:34:40.650,-17.8270,167.1330,23.0,7.1,mww,CENC/20120202133440
20120206034912,2012-02-06,03:49:12.520,9.9990,123.2060,11.0,6.7,mww,CENC/20120206034912
20120226061719,2012-02-26,06:17:19.760,51.7080,95.9910,12.0,6.7,mww,CENC/20120226061719
20120303121955,2012-03-03,12:19:55.090,-22.1410,170.3400,14.0,6.6,mww,CENC/20120303121955
20120309070950,2012-03-09,07:09:50.950,-19.1250,169.6130,16.0,6.7,mww,CENC/20120309070950
20120314090835,2012-03-14,09:08:35.140,40.8870,144.9440,12.0,6.9,mww,CENC/20120314090835
20120320180247,2012-03-20,18:02:47.440,16.4930,-98.2310,20.0,7.4,mww,CENC/20120320180247
20120321221506,2012-03-21,22:15:06.130,-6.2420,145.9550,118.0,6.6,mww,CENC/20120321221506
20120325223706,2012-03-25,22:37:06.000,-35.2000,-72.2170,40.7,7.1,mww,CENC/20120325223706
20120411083836,2012-04-11,08:38:36.720,2.3270,93.0630,20.0,8.6,mw,CENC/20120411083836
20120411104310,2012-04-11,10:43:10.850,0.8020,92.4630,25.1,8.2,mwc,CENC/20120411104310
20120411225510,2012-04-11,22:55:10.250,18.2290,-102.6890,20.0,6.5,mwb,CENC/20120411225510
20120412071548,2012-04-12,07:15:48.500,28.6960,-113.1040,13.0,7.0,mww,CENC/20120412071548
20120417035015,2012-04-17,03:50:15.610,-32.6250,-71.3650,29.0,6.7,mww,CENC/20120417035015
20120417071349,2012-04-17,07:13:49.000,-5.4620,147.1170,198.0,6.8,mww,CENC/20120417071349
20120421011652,2012-04-21,01:16:52.740,-1.6170,134.2760,16.0,6.7,mww,CENC/20120421011652
20120428100808,2012-04-28,10:08:08.090,-18.6850,-174.7050,134.7,6.6,mww,CENC/20120428100808
20120528050723,2012-05-28,05:07:23.450,-28.0430,-63.0940,586.9,6.7,mww,CENC/20120528050723
20120726053333,2012-07-26,05:33:33.020,-17.5920,66.3910,20.0,6.7,mww,CENC/20120726053333
20120728200356,2012-07-28,20:03:56.800,-4.6510,153.1730,41.0,6.5,mww,CENC/20120728200356
20120814025938,2012-08-14,02:59:38.460,49.8000,145.0640,583.2,7.7,mww,CENC/20120814025938
20120826150537,2012-08-26,15:05:37.080,2.1900,126.8370,91.1,6.6,mww,CENC/20120826150537
20120827043719,2012-08-27,04:37:19.430,12.1390,-88.5900,28.0,7.3,mww,CENC/20120827043719
20120830134325,2012-08-30,13:43:25.170,71.4410,-10.6050,14.0,6.8,mww,CENC/20120830134325
20120831124733,2012-08-31,12:47:33.380,10.8110,126.6380,28.0,7.6,mww,CENC/20120831124733
20120905144207,2012-09-05,14:42:07.800,10.0850,-85.3150,35.0,7.6,mww,CENC/20120905144207
20121009123209,2012-10-09,12:32:09.770,-60.3260,153.6990,10.0,6.6,mww,CENC/20121009123209
20121012003128,2012-10-12,00:31:28.270,-4.8920,134.0300,13.0,6.6,mww,CENC/20121012003128
20121024004532,2012-10-24,00:45:32.990,10.0860,-85.2980,17.0,6.5,mww,CENC/20121024004532
20121028030408,2012-10-28,03:04:08.820,52.7880,-132.1010,14.0,7.8,mww,CENC/20121028030408
20121107163546,2012-11-07,16:35:46.930,13.9880,-91.8950,24.0,7.4,mww,CENC/20121107163546
20121111011238,2012-11-11,01:12:38.870,23.0050,95.8850,13.7,6.8,mww,CENC/20121111011238
20121111221459,2012-11-11,22:14:59.240,14.1290,-92.1640,20.0,6.5,mww,CENC/20121111221459
20121116181239,2012-11-16,18:12:39.910,49.2800,155.4250,29.0,6.5,mww,CENC/20121116181239
20121207081823,2012-12-07,08:18:23.130,37.8900,143.9490,31.0,7.3,mww,CENC/20121207081823
20121210165308,2012-12-10,16:53:08.770,-6.5330,129.8250,155.0,7.1,mww,CENC/20121210165308
20121221222808,2012-12-21,22:28:08.570,-14.3440,167.2860,200.7,6.7,mww,CENC/20121221222808
20130105085819,2013-01-05,08:58:19.330,55.3930,-134.6520,10.0,7.5,mww,CENC/20130105085819
20130130201543,2013-01-30,20:15:43.340,-28.0940,-70.6530,45.0,6.8,mww,CENC/20130130201543
20130202141735,2013-02-02,14:17:35.130,42.7700,143.0920,107.0,6.9,mww,CENC/20130202141735
20130206011225,2013-02-06,01:12:25.830,-10.7990,165.1140,24.0,8.0,mww,CENC/20130206011225
20130206012319,2013-02-06,01:23:19.760,-11.1830,164.8820,10.0,7.1,mww,CENC/20130206012319
20130206015414,2013-02-06,01:54:14.610,-10.4990,165.5880,8.8,7.0,mww,CENC/20130206015414
20130207185916,2013-02-07,18:59:16.270,-10.9970,165.6550,11.0,6.7,mww,CENC/20130207185916
20130208111211,2013-02-08,11:12:11.510,-10.8380,165.9690,12.0,6.8,mww,CENC/20130208111211
20130208152638,2013-02-08,15:26:38.470,-10.9280,166.0180,21.0,7.1,mww,CENC/20130208152638
20130209141607,2013-02-09,14:16:07.880,1.1350,-77.3930,145.0,6.9,mww,CENC/20130209141607
20130209210222,2013-02-09,21:02:22.790,-10.9940,165.7410,18.0,6.6,mww,CENC/20130209210222
20130214131353,2013-02-14,13:13:53.130,67.6310,142.5080,11.0,6.6,mww,CENC/20130214131353
20130228140550,2013-02-28,14:05:50.250,50.9540,157.2830,41.0,6.9,mww,CENC/20130228140550
20130301132049,2013-03-01,13:20:49.930,50.9580,157.4080,29.0,6.5,mww,CENC/20130301132049
20130310225150,2013-03-10,22:51:50.800,-6.5980,148.1740,28.0,6.5,mww,CENC/20130310225150
20130406044235,2013-04-06,04:42:35.860,-3.5170,138.4760,66.0,7.0,mww,CENC/20130406044235
20130414013222,2013-04-14,01:32:22.640,-6.4750,154.6070,31.0,6.6,mww,CENC/20130414013222
20130416104420,2013-04-16,10:44:20.180,28.0330,61.9960,80.0,7.7,mww,CENC/20130416104420
20130416225526,2013-04-16,22:55:26.680,-3.2140,142.5420,13.0,6.6,mww,CENC/20130416225526
20130419030552,2013-04-19,03:05:52.650,46.2210,150.7880,110.0,7.2,mww,CENC/20130419030552
20130420000247,2013-04-20,00:02:47.540,30.3080,102.8880,14.0,6.6,mww,CENC/20130420000247
20130423231440,2013-04-23,23:14:40.630,-3.8980,152.1270,10.0,6.5,mww,CENC/20130423231440
20130514003225,2013-05-14,00:32:25.890,18.7280,145.2880,602.2,6.8,mww,CENC/20130514003225
20130613164723,2013-06-13,16:47:23.320,-10.0040,107.2360,9.0,6.7,mww,CENC/20130613164723
20130615173427,2013-06-15,17:34:27.810,11.7630,-86.9260,30.0,6.5,mww,CENC/20130615173427
20130624220413,2013-06-24,22:04:13.480,10.7010,-42.5940,10.0,6.6,mww,CENC/20130624220413
20130707183530,2013-07-07,18:35:30.740,-3.9170,153.9270,385.5,7.3,mww,CENC/20130707183530
20130707203006,2013-07-07,20:30:06.850,-6.0290,149.7060,56.0,6.6,mww,CENC/20130707203006
20130715140339,2013-07-15,14:03:39.880,-60.8570,-25.0700,11.0,7.3,mww,CENC/20130715140339
20130721050931,2013-07-21,05:09:31.450,-41.7040,174.3370,17.0,6.5,mww,CENC/20130721050931
20130813154315,2013-08-13,15:43:15.200,5.7732,-78.1999,12.0,6.7,mww,CENC/20130813154315
20130816023105,2013-08-16,02:31:05.750,-41.7340,174.1520,8.2,6.5,mww,CENC/20130816023105
20130830162502,2013-08-30,16:25:02.300,51.5370,-175.2297,29.0,7.0,mww,CENC/20130830162502
20130901115229,2013-09-01,11:52:29.930,-7.4400,128.2209,112.0,6.5,mww,CENC/20130901115229
20130904001823,2013-09-04,00:18:23.370,29.9377,138.8325,402.0,6.5,mww,CENC/20130904001823
20130904023230,2013-09-04,02:32:30.600,51.5573,-174.7671,20.0,6.5,mww,CENC/20130904023230
20130924112947,2013-09-24,11:29:47.970,26.9510,65.5009,15.0,7.7,mww,CENC/20130924112947
20130925164243,2013-09-25,16:42:43.170,-15.8385,-74.5112,40.0,7.1,mww,CENC/20130925164243
20130928073406,2013-09-28,07:34:06.450,27.1825,65.5052,12.0,6.8,mww,CENC/20130928073406
20130930055555,2013-09-30,05:55:55.220,-30.9255,-178.3234,41.5,6.5,mww,CENC/20130930055555
20131001033821,2013-10-01,03:38:21.710,53.1995,152.7864,573.0,6.7,mww,CENC/20131001033821
20131012131153,2013-10-12,13:11:53.350,35.5142,23.2523,40.0,6.6,mww,CENC/20131012131153
20131015001232,2013-10-15,00:12:32.050,9.8796,124.1167,19.0,7.1,mww,CENC/20131015001232
20131016103058,2013-10-16,10:30:58.550,-6.4456,154.9310,35.0,6.8,mww,CENC/20131016103058
20131019175454,2013-10-19,17:54:54.700,26.0913,-110.3209,9.4,6.6,mww,CENC/20131019175454
20131024192510,2013-10-24,19:25:10.930,-58.1530,-12.7964,22.9,6.7,mww,CENC/20131024192510
20131025171019,2013-10-25,17:10:19.710,37.1557,144.6611,35.0,7.1,mww,CENC/20131025171019
20131031230359,2013-10-31,23:03:59.720,-30.2921,-71.5215,27.0,6.6,mww,CENC/20131031230359
20131116033431,2013-11-16,03:34:31.230,-60.2627,-47.0621,10.0,6.9,mww,CENC/20131116033431
20131117090455,2013-11-17,09:04:55.530,-60.2738,-46.4011,10.0,7.7,mww,CENC/20131117090455
20131123074832,2013-11-23,07:48:32.130,-17.1171,-176.5449,371.0,6.5,mww,CENC/20131123074832
20131125062733,2013-11-25,06:27:33.300,-53.9451,-55.0033,11.8,7.0,mww,CENC/20131125062733
20140101160329,2014-01-01,16:03:29.000,-13.8633,167.2490,187.0,6.5,mww,CENC/20140101160329
20140202092637,2014-02-02,09:26:37.820,-32.9076,-177.8806,44.3,6.5,mww,CENC/20140202092637
20140207084013,2014-02-07,08:40:13.550,-15.0691,167.3721,122.0,6.5,mww,CENC/20140207084013
20140212091949,2014-02-12,09:19:49.060,35.9053,82.5864,10.0,6.9,mww,CENC/20140212091949
20140218092713,2014-02-18,09:27:13.120,14.6682,-58.9272,14.8,6.5,mww,CENC/20140218092713
20140302201123,2014-03-02,20:11:23.430,27.4312,127.3674,119.0,6.5,mww,CENC/20140302201123
20140310051813,2014-03-10,05:18:13.400,40.8287,-125.1338,16.6,6.8,Mw,CENC/20140310051813
20140316211629,2014-03-16,21:16:29.600,-19.9807,-70.7022,20.0,6.7,mww,CENC/20140316211629
20140401234647,2014-04-01,23:46:47.260,-19.6097,-70.7691,25.0,8.2,mww,CENC/20140401234647
20140401235758,2014-04-01,23:57:58.790,-19.8927,-70.9455,28.4,6.9,mww,CENC/20140401235758
20140403015830,2014-04-03,01:58:30.530,-20.3113,-70.5756,24.1,6.5,mww,CENC/20140403015830
20140403024313,2014-04-03,02:43:13.110,-20.5709,-70.4931,22.4,7.7,mww,CENC/20140403024313
20140411070723,2014-04-11,07:07:23.130,-6.5858,155.0485,60.5,7.1,mww,CENC/20140411070723
20140411081645,2014-04-11,08:16:45.660,-6.7878,154.9502,20.0,6.5,mww,CENC/20140411081645
20140411202912,2014-04-11,20:29:12.970,11.6420,-85.8779,135.0,6.6,mww,CENC/20140411202912
20140412201439,2014-04-12,20:14:39.300,-11.2701,162.1481,22.6,7.6,mww,CENC/20140412201439
20140413123619,2014-04-13,12:36:19.230,-11.4633,162.0511,39.0,7.4,mww,CENC/20140413123619
20140413132459,2014-04-13,13:24:59.710,-11.1284,162.0520,10.0,6.6,mww,CENC/20140413132459
20140415035701,2014-04-15,03:57:01.370,-53.4967,8.7220,11.2,6.8,mww,CENC/20140415035701
20140418142724,2014-04-18,14:27:24.920,17.3970,-100.9723,24.0,7.2,mww,CENC/20140418142724
20140419010403,2014-04-19,01:04:03.820,-6.6558,155.0869,29.0,6.6,mww,CENC/20140419010403
20140419132800,2014-04-19,13:28:00.810,-6.7547,155.0241,43.4,7.5,mww,CENC/20140419132800
20140424031010,2014-04-24,03:10:10.150,49.6388,-127.7316,10.0,6.5,mww,CENC/20140424031010
20140501063635,2014-05-01,06:36:35.550,-21.4542,170.3546,106.0,6.6,mww,CENC/20140501063635
20140504091552,2014-05-04,09:15:52.880,-24.6108,179.0856,527.0,6.6,mww,CENC/20140504091552
20140512183836,2014-05-12,18:38:36.700,-49.9403,-114.7995,10.5,6.5,mww,CENC/20140512183836
20140513063524,2014-05-13,06:35:24.240,7.2096,-82.3045,10.0,6.5,mww,CENC/20140513063524
20140524092502,2014-05-24,09:25:02.440,40.2893,25.3889,6.4,6.9,mww,CENC/20140524092502
20140614111059,2014-06-14,11:10:59.850,-10.1229,91.0921,4.0,6.5,mww,CENC/20140614111059
20140623191915,2014-06-23,19:19:15.940,-29.9772,-177.7247,20.0,6.9,mww,CENC/20140623191915
20140623192145,2014-06-23,19:21:45.990,-29.9379,-177.5159,10.0,6.5,mwc,CENC/20140623192145
20140623200620,2014-06-23,20:06:20.710,-29.9414,-177.6073,26.6,6.7,mwc,CENC/20140623200620
20140623205309,2014-06-23,20:53:09.700,51.8486,178.7352,109.0,7.9,mww,CENC/20140623205309
20140629075255,2014-06-29,07:52:55.170,-55.4703,-28.3669,8.0,6.9,mww,CENC/20140629075255
20140629171509,2014-06-29,17:15:09.340,-14.9831,-175.5096,18.0,6.7,mww,CENC/20140629171509
20140704150027,2014-07-04,15:00:27.860,-6.2304,152.8075,20.0,6.5,mww,CENC/20140704150027
20140707112354,2014-07-07,11:23:54.780,14.7240,-92.4614,53.0,6.9,mww,CENC/20140707112354
20140711192200,2014-07-11,19:22:00.820,37.0052,142.4525,20.0,6.5,mww,CENC/20140711192200
20140721145441,2014-07-21,14:54:41.000,-19.8015,-178.4001,615.4,6.9,mww,CENC/20140721145441
20140803002203,2014-08-03,00:22:03.680,0.8295,146.1688,13.0,6.9,mww,CENC/20140803002203
20140824232145,2014-08-24,23:21:45.520,-14.5980,-73.5714,101.0,6.8,mww,CENC/20140824232145
20140917061445,2014-09-17,06:14:45.410,13.7641,144.4294,130.0,6.7,mww,CENC/20140917061445
20141009021431,2014-10-09,02:14:31.440,-32.1082,-110.8112,16.5,7.0,mww,CENC/20141009021431
20141009023205,2014-10-09,02:32:05.140,-32.0953,-110.8647,10.0,6.6,mww,CENC/20141009023205
20141014035134,2014-10-14,03:51:34.460,12.5262,-88.1225,40.0,7.3,mww,CENC/20141014035134
20141101185722,2014-11-01,18:57:22.380,-19.6903,-177.7587,434.0,7.1,mww,CENC/20141101185722
20141107033355,2014-11-07,03:33:55.280,-5.9873,148.2315,53.2,6.6,mww,CENC/20141107033355
20141115023141,2014-11-15,02:31:41.720,1.8929,126.5217,45.0,7.1,mww,CENC/20141115023141
20141116223320,2014-11-16,22:33:20.450,-37.6478,179.6621,22.0,6.7,mww,CENC/20141116223320
20141121101019,2014-11-21,10:10:19.630,2.2999,127.0562,35.0,6.5,mww,CENC/20141121101019
20141126143343,2014-11-26,14:33:43.640,1.9604,126.5751,39.0,6.8,mww,CENC/20141126143343
20141202051131,2014-12-02,05:11:31.000,6.1572,123.1261,614.0,6.6,mww,CENC/20141202051131
20141207012202,2014-12-07,01:22:02.180,-6.5108,154.4603,23.0,6.6,mww,CENC/20141207012202
20141208085452,2014-12-08,08:54:52.520,7.9401,-82.6865,20.0,6.6,mww,CENC/20141208085452
20150107050707,2015-01-07,05:07:07.510,5.9045,-82.6576,8.0,6.5,mww,CENC/20150107050707
20150123034727,2015-01-23,03:47:27.050,-17.0309,168.5200,220.0,6.8,mww,CENC/20150123034727
20150128024319,2015-01-28,02:43:19.350,-20.9665,-178.3032,484.1,6.2,mww,CENC/20150128024319
20150130175756,2015-01-30,17:57:56.440,-21.2452,170.1580,7.1,6.0,mww,CENC/20150130175756
20150202104948,2015-02-02,10:49:48.530,-32.7183,-67.1231,172.0,6.3,mww,CENC/20150202104948
20150211185722,2015-02-11,18:57:22.460,-23.1125,-66.6880,223.0,6.7,mww,CENC/20150211185722
20150213185912,2015-02-13,18:59:12.230,52.6487,-31.9016,16.7,7.1,mww,CENC/20150213185912
20150213200632,2015-02-13,20:06:32.330,22.6374,121.4270,30.0,6.2,mww,CENC/20150213200632
20150216220053,2015-02-16,22:00:53.590,-55.5200,-28.2591,13.0,6.2,mww,CENC/20150216220053
20150216230628,2015-02-16,23:06:28.270,39.8558,142.8808,23.0,6.7,mww,CENC/20150216230628
20150218093226,2015-02-18,09:32:26.770,-10.7598,164.1216,10.0,6.1,mww,CENC/20150218093226
20150219131832,2015-02-19,13:18:32.810,-16.4311,168.1483,10.0,6.4,mww,CENC/20150219131832
20150220042523,2015-02-20,04:25:23.380,39.8244,143.5871,10.0,6.2,mww,CENC/20150220042523
20150221101353,2015-02-21,10:13:53.290,39.8185,143.4861,7.0,6.0,mww,CENC/20150221101353
20150222142312,2015-02-22,14:23:12.720,18.6766,-106.8480,5.0,6.2,mww,CENC/20150222142312
20150227134505,2015-02-27,13:45:05.370,-7.2968,122.5348,552.1,7.0,mww,CENC/20150227134505
20150303103730,2015-03-03,10:37:30.050,-0.7789,98.7161,28.0,6.1,mww,CENC/20150303103730
20150306082218,2015-03-06,08:22:18.960,-41.3157,80.6046,10.0,6.0,mww,CENC/20150306082218
20150310205544,2015-03-10,20:55:44.370,6.7757,-72.9875,155.0,6.2,mww,CENC/20150310205544
20150315231716,2015-03-15,23:17:16.910,-0.5409,122.3067,31.0,6.1,mww,CENC/20150315231716
20150317221228,2015-03-17,22:12:28.940,1.6686,126.5217,44.0,6.2,mww,CENC/20150317221228
20150318182729,2015-03-18,18:27:29.500,-36.1167,-73.5219,13.0,6.2,mww,CENC/20150318182729
20150323045138,2015-03-23,04:51:38.010,-18.3534,-69.1663,130.0,6.4,mww,CENC/20150323045138
20150329234831,2015-03-29,23:48:31.010,-4.7294,152.5623,41.0,7.5,mww,CENC/20150329234831
20150330075653,2015-03-30,07:56:53.230,-15.4296,-173.0490,10.0,6.0,mww,CENC/20150330075653
20150330081801,2015-03-30,08:18:01.340,-15.3920,-172.9409,14.5,6.4,mww,CENC/20150330081801
20150330084825,2015-03-30,08:48:25.340,-15.4994,-173.0293,11.0,6.5,mww,CENC/20150330084825
20150407004621,2015-04-07,00:46:21.830,-15.1676,-173.2247,30.0,6.3,mww,CENC/20150407004621
20150416180743,2015-04-16,18:07:43.610,35.1891,26.8235,20.0,6.0,mww,CENC/20150416180743
20150417155251,2015-04-17,15:52:51.480,-15.8815,-178.6005,10.0,6.5,mww,CENC/20150417155251
20150420014258,2015-04-20,01:42:58.380,24.2026,122.3158,29.0,6.4,mww,CENC/20150420014258
20150420114513,2015-04-20,11:45:13.440,24.0851,122.4530,29.0,6.0,mww,CENC/20150420114513
20150420120000,2015-04-20,12:00:00.070,24.0471,122.4532,29.0,6.1,mww,CENC/20150420120000
20150422225715,2015-04-22,22:57:15.650,-12.0390,166.4320,72.0,6.2,mww,CENC/20150422225715
20150424033642,2015-04-24,03:36:42.400,-42.0602,173.0066,48.0,6.1,mww,CENC/20150424033642
20150424135615,2015-04-24,13:56:15.180,51.6148,-130.7714,8.0,6.2,mww,CENC/20150424135615
20150425061125,2015-04-25,06:11:25.950,28.2305,84.7314,8.2,7.8,mww,CENC/20150425061125
20150425061522,2015-04-25,06:15:22.910,27.6285,85.5398,10.0,6.1,mb,CENC/20150425061522
20150425064521,2015-04-25,06:45:21.320,28.2244,84.8216,10.0,6.6,mww,CENC/20150425064521
20150426070910,2015-04-26,07:09:10.670,27.7711,86.0173,22.9,6.7,mww,CENC/20150426070910
20150428163939,2015-04-28,16:39:39.190,-20.8865,-178.6329,581.0,6.1,mww,CENC/20150428163939
20150430104502,2015-04-30,10:45:02.930,-5.3750,151.7706,31.0,6.7,mww,CENC/20150430104502
20150501080603,2015-05-01,08:06:03.480,-5.2005,151.7773,44.0,6.8,mww,CENC/20150501080603
20150501080652,2015-05-01,08:06:52.250,-5.4912,151.8715,35.0,6.0,mb,CENC/20150501080652
20150503223239,2015-05-03,22:32:39.010,-5.6314,151.6757,24.0,6.0,mww,CENC/20150503223239
20150505014406,2015-05-05,01:44:06.380,-5.4624,151.8751,55.0,7.5,mww,CENC/20150505014406
20150507071019,2015-05-07,07:10:19.590,-7.2175,154.5567,10.0,7.1,mww,CENC/20150507071019
20150510212546,2015-05-10,21:25:46.440,31.2373,142.0157,6.0,6.0,mww,CENC/20150510212546
20150512070519,2015-05-12,07:05:19.730,27.8087,86.0655,15.0,7.3,mww,CENC/20150512070519
20150512073654,2015-05-12,07:36:54.490,27.6250,86.1617,15.0,6.3,mww,CENC/20150512073654
20150512211258,2015-05-12,21:12:58.890,38.9056,142.0317,35.0,6.8,mww,CENC/20150512211258
20150515202656,2015-05-15,20:26:56.870,-2.5420,102.2191,151.0,6.0,mww,CENC/20150515202656
20150519152521,2015-05-19,15:25:21.080,-54.3312,-132.1618,7.2,6.7,mww,CENC/20150519152521
20150520003054,2015-05-20,00:30:54.700,-19.3021,-175.5247,203.0,6.0,mww,CENC/20150520003054
20150520224853,2015-05-20,22:48:53.420,-10.8759,164.1694,11.0,6.8,mww,CENC/20150520224853
20150522214519,2015-05-22,21:45:19.480,-11.0559,163.6959,11.2,6.9,mww,CENC/20150522214519
20150522235933,2015-05-22,23:59:33.770,-11.1093,163.2154,10.0,6.8,mww,CENC/20150522235933
20150524045323,2015-05-24,04:53:23.630,-16.8550,-14.1708,10.0,6.3,mww,CENC/20150524045323
20150524143859,2015-05-24,14:38:59.510,-19.3933,-175.9627,10.0,6.2,mww,CENC/20150524143859
20150529070009,2015-05-29,07:00:09.000,56.5940,-156.4300,72.6,6.7,ms,CENC/20150529070009
20150530112302,2015-05-30,11:23:02.110,27.8386,140.4931,664.0,7.8,mww,CENC/20150530112302
20150530171835,2015-05-30,17:18:35.040,-15.7216,-173.3817,10.0,6.0,mwc,CENC/20150530171835
20150530184907,2015-05-30,18:49:07.340,30.7856,142.9722,6.0,6.2,mww,CENC/20150530184907
20150604231543,2015-06-04,23:15:43.910,5.9867,116.5409,10.0,6.0,mww,CENC/20150604231543
20150608060108,2015-06-08,06:01:08.300,41.5615,142.0308,42.0,6.1,mww,CENC/20150608060108
20150610135209,2015-06-10,13:52:09.770,-22.4000,-68.4323,124.0,6.0,mww,CENC/20150610135209
20150612110708,2015-06-12,11:07:08.040,-15.6758,-173.0098,48.0,6.0,mww,CENC/20150612110708
20150617125132,2015-06-17,12:51:32.790,-35.3639,-17.1605,10.0,7.0,mww,CENC/20150617125132
20150620021007,2015-06-20,02:10:07.100,-36.3601,-73.8120,11.0,6.4,mww,CENC/20150620021007
20150621212816,2015-06-21,21:28:16.270,-20.4307,-178.3276,562.6,6.0,mww,CENC/20150621212816
20150623121830,2015-06-23,12:18:30.270,27.7375,139.7254,460.0,6.5,mww,CENC/20150623121830
20150625184557,2015-06-25,18:45:57.450,-32.0722,-178.3241,10.0,6.0,mww,CENC/20150625184557
20150630033929,2015-06-30,03:39:29.410,-5.4513,151.5457,43.0,6.0,mww,CENC/20150630033929
20150701193521,2015-07-01,19:35:21.460,-10.9911,162.5558,12.0,6.0,mww,CENC/20150701193521
20150703010747,2015-07-03,01:07:47.290,37.4593,78.1542,20.0,6.4,mww,CENC/20150703010747
20150703064321,2015-07-03,06:43:21.540,10.1691,125.8907,32.0,6.1,mww,CENC/20150703064321
20150707051028,2015-07-07,05:10:28.120,43.9097,147.9748,49.0,6.3,mww,CENC/20150707051028
20150710041242,2015-07-10,04:12:42.540,-9.3070,158.4030,12.0,6.7,mww,CENC/20150710041242
20150716151633,2015-07-16,15:16:33.780,13.8672,-58.5479,20.0,6.5,mww,CENC/20150716151633
20150718022733,2015-07-18,02:27:33.820,-10.4012,165.1409,11.0,7.0,mww,CENC/20150718022733
20150727044946,2015-07-27,04:49:46.400,52.3760,-169.4458,29.0,6.9,mww,CENC/20150727044946
20150727214121,2015-07-27,21:41:21.710,-2.6286,138.5277,48.0,7.0,mww,CENC/20150727214121
20150729023559,2015-07-29,02:35:59.000,59.8935,-153.1961,119.3,6.3,ms,CENC/20150729023559
20150806235946,2015-08-06,23:59:46.290,-26.4576,-178.2511,269.0,6.0,mww,CENC/20150806235946
20150810041215,2015-08-10,04:12:15.810,-9.3438,158.0525,22.0,6.6,mww,CENC/20150810041215
20150812184924,2015-08-12,18:49:24.080,-9.3293,157.8772,6.4,6.5,mww,CENC/20150812184924
20150813103953,2015-08-13,10:39:53.840,-37.0152,78.0623,10.0,6.0,mww,CENC/20150813103953
20150815074706,2015-08-15,07:47:06.500,-10.8968,163.8226,8.0,6.4,mww,CENC/20150815074706
20150824094126,2015-08-24,09:41:26.630,-30.6502,-178.7298,228.0,6.0,mww,CENC/20150824094126
20150901152509,2015-09-01,15:25:09.520,31.1806,141.6000,8.0,6.0,mww,CENC/20150901152509
20150907084609,2015-09-07,08:46:09.050,-24.2427,179.1278,535.0,6.0,mww,CENC/20150907084609
20150907091356,2015-09-07,09:13:56.600,-32.8199,-177.8599,17.0,6.3,mww,CENC/20150907091356
20150916074058,2015-09-16,07:40:58.690,1.8841,126.4288,41.5,6.3,mww,CENC/20150916074058
20150916140322,2015-09-16,14:03:22.110,-6.0114,151.4768,6.0,6.1,mww,CENC/20150916140322
20150916225432,2015-09-16,22:54:32.860,-31.5729,-71.6744,22.4,8.3,mww,CENC/20150916225432
20150916225915,2015-09-16,22:59:15.000,-31.6180,-71.7450,26.7,6.4,mb,CENC/20150916225915
20150916230356,2015-09-16,23:03:56.560,-31.7502,-71.7425,19.1,6.1,mwr,CENC/20150916230356
20150916231609,2015-09-16,23:16:09.440,-31.6000,-71.9189,35.0,6.1,mb,CENC/20150916231609
20150916231841,2015-09-16,23:18:41.850,-31.5622,-71.4262,28.4,7.0,mww,CENC/20150916231841
20150917014105,2015-09-17,01:41:05.870,-31.1043,-71.6504,42.3,6.4,mww,CENC/20150917014105
20150917035515,2015-09-17,03:55:15.430,-31.4244,-71.6876,27.0,6.5,mww,CENC/20150917035515
20150917041027,2015-09-17,04:10:27.780,-31.5173,-71.8040,23.0,6.7,mww,CENC/20150917041027
20150918091044,2015-09-18,09:10:44.730,-32.3681,-72.2292,8.0,6.2,mww,CENC/20150918091044
20150918155942,2015-09-18,15:59:42.640,15.2767,-45.9886,10.0,6.0,mww,CENC/20150918155942
20150919050647,2015-09-19,05:06:47.500,-29.6411,-72.0770,6.0,6.1,mww,CENC/20150919050647
20150919125220,2015-09-19,12:52:20.920,-32.3335,-72.0629,18.0,6.2,mww,CENC/20150919125220
20150921053934,2015-09-21,05:39:34.910,-31.5757,-71.7431,30.0,6.1,mww,CENC/20150921053934
20150921174000,2015-09-21,17:40:00.060,-31.7275,-71.3792,35.0,6.6,mww,CENC/20150921174000
20150922071300,2015-09-22,07:13:00.520,-31.4441,-71.2653,58.0,6.0,mww,CENC/20150922071300
20150924155327,2015-09-24,15:53:27.740,-0.6212,131.2622,18.0,6.6,mww,CENC/20150924155327
20150926025118,2015-09-26,02:51:18.830,-30.8148,-71.3217,46.0,6.3,mww,CENC/20150926025118
20151011005827,2015-10-11,00:58:27.170,-54.4856,-135.7080,10.0,6.1,mww,CENC/20151011005827
20151014054308,2015-10-14,05:43:08.300,48.8595,156.2259,12.0,6.0,mww,CENC/20151014054308
20151018161835,2015-10-18,16:18:35.520,-16.2018,-173.2608,12.0,6.0,mww,CENC/20151018161835
20151020215202,2015-10-20,21:52:02.560,-14.8595,167.3028,135.0,7.1,mww,CENC/20151020215202
20151023014006,2015-10-23,01:40:06.320,-54.2258,6.1653,11.0,6.2,mww,CENC/20151023014006
20151023040418,2015-10-23,04:04:18.140,-45.8146,37.1711,10.0,6.0,mww,CENC/20151023040418
20151026090942,2015-10-26,09:09:42.560,36.5244,70.3676,231.0,7.5,mww,CENC/20151026090942
20151104034415,2015-11-04,03:44:15.190,-8.3381,124.8754,20.0,6.5,mww,CENC/20151104034415
20151107070431,2015-11-07,07:04:31.380,-29.4642,-72.3015,13.0,6.2,mww,CENC/20151107070431
20151107073143,2015-11-07,07:31:43.870,-30.8796,-71.4519,46.0,6.8,mww,CENC/20151107073143
20151108164702,2015-11-08,16:47:02.160,6.8431,94.6480,10.0,6.6,mww,CENC/20151108164702
20151109160346,2015-11-09,16:03:46.070,51.6394,-173.0746,15.0,6.5,mww,CENC/20151109160346
20151111015438,2015-11-11,01:54:38.570,-29.5067,-72.0068,12.0,6.9,mww,CENC/20151111015438
20151111024619,2015-11-11,02:46:19.830,-29.5097,-72.0585,10.0,6.9,mww,CENC/20151111024619
20151113205131,2015-11-13,20:51:31.030,31.0009,128.8729,12.0,6.7,mww,CENC/20151113205131
20151117071007,2015-11-17,07:10:07.300,38.6700,20.6000,11.0,6.5,mww,CENC/20151117071007
20151118183104,2015-11-18,18:31:04.570,-8.8994,158.4217,12.6,6.8,mww,CENC/20151118183104
20151121090613,2015-11-21,09:06:13.460,-7.1484,129.9375,82.0,6.1,mww,CENC/20151121090613
20151124132135,2015-11-24,13:21:35.730,18.7787,145.2659,586.9,6.0,mww,CENC/20151124132135
20151124224538,2015-11-24,22:45:38.880,-10.5372,-70.9437,606.2,7.6,mww,CENC/20151124224538
20151124225054,2015-11-24,22:50:54.370,-10.0598,-71.0184,620.6,7.6,mww,CENC/20151124225054
20151126054518,2015-11-26,05:45:18.400,-9.1825,-71.2574,602.8,6.7,mww,CENC/20151126054518
20151127210022,2015-11-27,21:00:22.920,-24.8280,-70.6009,34.0,6.2,mww,CENC/20151127210022
20151204222500,2015-12-04,22:25:00.110,-47.6165,85.0913,35.0,7.1,mww,CENC/20151204222500
20151207075005,2015-12-07,07:50:05.950,38.2107,72.7797,22.0,7.2,mww,CENC/20151207075005
20151209102148,2015-12-09,10:21:48.530,-4.1064,129.5079,21.0,6.9,mww,CENC/20151209102148
20151209125801,2015-12-09,12:58:01.780,-16.7374,175.2475,10.0,6.1,mww,CENC/20151209125801
20151217194953,2015-12-17,19:49:53.050,15.8015,-93.6330,85.0,6.6,mww,CENC/20151217194953
20151219021053,2015-12-19,02:10:53.360,-18.3819,169.3857,10.0,6.0,mww,CENC/20151219021053
20151220184736,2015-12-20,18:47:36.610,3.6455,117.6359,14.0,6.1,mww,CENC/20151220184736
20151224194403,2015-12-24,19:44:03.130,-55.7550,-123.1158,12.3,6.2,mww,CENC/20151224194403
20151225191447,2015-12-25,19:14:47.190,36.4935,71.1263,206.0,6.3,mww,CENC/20151225191447
20160101020039,2016-01-01,02:00:39.950,-50.5575,139.4489,10.0,6.3,mww,CENC/20160101020039
20160103230522,2016-01-03,23:05:22.270,24.8036,93.6505,55.0,6.7,mww,CENC/20160103230522
20160105093414,2016-01-05,09:34:14.620,-54.2906,-136.2603,10.0,6.0,mww,CENC/20160105093414
20160111163805,2016-01-11,16:38:05.900,3.8965,126.8621,13.0,6.5,mww,CENC/20160111163805
20160111170803,2016-01-11,17:08:03.920,44.4761,141.0867,238.8,6.2,mww,CENC/20160111170803
20160114032528,2016-01-14,03:25:28.270,-19.7597,-63.3288,582.6,6.1,mww,CENC/20160114032528
20160114032533,2016-01-14,03:25:33.640,41.9723,142.7810,46.0,6.7,mww,CENC/20160114032533
20160121180657,2016-01-21,18:06:57.650,18.8239,-106.9337,10.0,6.6,mww,CENC/20160121180657
20160124103030,2016-01-24,10:30:30.230,59.6363,-153.4051,129.0,7.1,mww,CENC/20160124103030
20160125042202,2016-01-25,04:22:02.730,35.6493,-3.6818,12.0,6.3,mww,CENC/20160125042202
20160126031020,2016-01-26,03:10:20.750,-5.2952,153.2454,26.0,6.1,mww,CENC/20160126031020
20160130032512,2016-01-30,03:25:12.220,53.9776,158.5463,177.0,7.2,mww,CENC/20160130032512
20160131173859,2016-01-31,17:38:59.950,-63.2630,169.1485,10.0,6.1,mww,CENC/20160131173859
20160201190046,2016-02-01,19:00:46.280,-30.7539,-179.9504,391.0,6.2,mww,CENC/20160201190046
20160205195727,2016-02-05,19:57:27.380,22.9375,120.6014,23.0,6.4,mww,CENC/20160205195727
20160208161912,2016-02-08,16:19:12.780,-6.6207,154.7421,29.0,6.4,mww,CENC/20160208161912
20160210003305,2016-02-10,00:33:05.340,-30.5723,-71.5838,29.0,6.3,mww,CENC/20160210003305
20160212100224,2016-02-12,10:02:24.050,-9.6338,119.4013,28.0,6.3,mww,CENC/20160212100224
20160215150232,2016-02-15,15:02:32.890,-20.9981,-175.4788,10.0,6.0,mww,CENC/20160215150232
20160216234835,2016-02-16,23:48:35.680,-55.7841,-125.1659,13.0,6.1,mww,CENC/20160216234835
20160217172602,2016-02-17,17:26:02.210,0.8597,129.0605,9.0,6.0,mww,CENC/20160217172602
20160222063659,2016-02-22,06:36:59.400,-30.4242,-72.2967,12.0,6.0,mww,CENC/20160222063659
20160227212943,2016-02-27,21:29:43.570,-51.7897,139.5956,10.0,6.1,mww,CENC/20160227212943
20160302124948,2016-03-02,12:49:48.110,-4.9521,94.3299,24.0,7.8,mww,CENC/20160302124948
20160312180644,2016-03-12,18:06:44.760,51.5648,-173.9423,19.0,6.3,mww,CENC/20160312180644
20160319013512,2016-03-19,01:35:12.170,51.5145,-174.1423,17.0,6.0,mww,CENC/20160319013512
20160319112633,2016-03-19,11:26:33.230,17.9960,-60.7019,26.0,6.0,mww,CENC/20160319112633
20160320225020,2016-03-20,22:50:20.430,54.2940,162.8129,30.0,6.4,mww,CENC/20160320225020
20160401192455,2016-04-01,19:24:55.370,-3.3585,144.8870,6.0,6.2,mww,CENC/20160401192455
20160403082352,2016-04-03,08:23:52.320,-14.3235,166.8551,26.0,6.9,mww,CENC/20160403082352
20160406065848,2016-04-06,06:58:48.210,-14.0683,166.6245,24.0,6.7,mww,CENC/20160406065848
20160406144529,2016-04-06,14:45:29.620,-8.2036,107.3857,29.0,6.1,mww,CENC/20160406144529
20160407033253,2016-04-07,03:32:53.500,-13.9805,166.5943,27.6,6.7,mww,CENC/20160407033253
20160410102858,2016-04-10,10:28:58.720,36.4725,71.1311,212.0,6.6,mww,CENC/20160410102858
20160413135517,2016-04-13,13:55:17.800,23.0944,94.8654,136.0,6.9,mww,CENC/20160413135517
20160413182152,2016-04-13,18:21:52.730,7.7917,122.0231,17.0,6.0,mww,CENC/20160413182152
20160414122635,2016-04-14,12:26:35.730,32.7880,130.7042,9.0,6.2,mww,CENC/20160414122635
20160414150347,2016-04-14,15:03:47.240,32.6973,130.7204,8.0,6.0,mww,CENC/20160414150347
20160414215027,2016-04-14,21:50:27.680,-14.5284,166.4334,16.0,6.4,mww,CENC/20160414215027
20160415141126,2016-04-15,14:11:26.430,13.4008,-92.3670,22.4,6.1,mww,CENC/20160415141126
20160415162506,2016-04-15,16:25:06.220,32.7906,130.7543,10.0,7.0,mww,CENC/20160415162506
20160416235836,2016-04-16,23:58:36.980,0.3819,-79.9218,20.6,7.8,mww,CENC/20160416235836
20160419052539,2016-04-19,05:25:39.940,-55.7283,-27.2307,14.0,6.2,mww,CENC/20160419052539
20160420083347,2016-04-20,08:33:47.330,0.6390,-80.2104,14.0,6.2,mww,CENC/20160420083347
20160420083510,2016-04-20,08:35:10.620,0.7079,-80.0352,10.0,6.0,mwb,CENC/20160420083510
20160422030341,2016-04-22,03:03:41.720,-0.2921,-80.5039,10.0,6.0,mww,CENC/20160422030341
20160425070708,2016-04-25,07:07:08.600,14.4790,-93.1509,16.0,6.0,mww,CENC/20160425070708
20160427125119,2016-04-27,12:51:19.440,14.5178,-93.0882,16.0,6.0,mww,CENC/20160427125119
20160428193324,2016-04-28,19:33:24.070,-16.0429,167.3786,24.0,7.0,mww,CENC/20160428193324
20160429013338,2016-04-29,01:33:38.910,10.2752,-103.7363,10.0,6.6,mww,CENC/20160429013338
20160518075702,2016-05-18,07:57:02.650,0.4261,-79.7899,16.0,6.7,mww,CENC/20160518075702
20160518164643,2016-05-18,16:46:43.860,0.4947,-79.6160,29.9,6.9,mww,CENC/20160518164643
20160520181404,2016-05-20,18:14:04.670,-25.5655,129.8841,10.0,6.0,mww,CENC/20160520181404
20160527040843,2016-05-27,04:08:43.950,-20.8101,-178.6481,567.5,6.4,mww,CENC/20160527040843
20160528053850,2016-05-28,05:38:50.550,-21.9724,-178.2038,405.7,6.9,mww,CENC/20160528053850
20160528094659,2016-05-28,09:46:59.780,-56.2409,-26.9353,78.0,7.2,mww,CENC/20160528094659
20160531052347,2016-05-31,05:23:47.310,25.5615,122.5458,246.4,6.4,mww,CENC/20160531052347
20160601225600,2016-06-01,22:56:00.800,-2.0967,100.6654,50.0,6.6,mww,CENC/20160601225600
20160605162533,2016-06-05,16:25:33.540,-4.5870,125.6264,429.6,6.3,mww,CENC/20160605162533
20160606023532,2016-06-06,02:35:32.390,-30.0235,-177.8359,43.8,6.1,mww,CENC/20160606023532
20160607105137,2016-06-07,10:51:37.720,18.3637,-105.1731,10.0,6.3,mww,CENC/20160607105137
20160607191515,2016-06-07,19:15:15.330,1.2789,126.3712,31.0,6.3,mww,CENC/20160607191515
20160609041308,2016-06-09,04:13:08.130,-11.2487,116.2669,19.0,6.1,mww,CENC/20160609041308
20160610032522,2016-06-10,03:25:22.920,12.8318,-86.9633,10.0,6.1,mww,CENC/20160610032522
20160610041744,2016-06-10,04:17:44.840,-8.6757,160.5590,30.4,6.2,mww,CENC/20160610041744
20160614134922,2016-06-14,13:49:22.630,-18.7609,168.8279,111.0,6.2,mww,CENC/20160614134922
20160619094723,2016-06-19,09:47:23.600,-20.2793,169.0737,13.0,6.3,mww,CENC/20160619094723
20160620035055,2016-06-20,03:50:55.240,-20.2072,168.7595,15.0,6.0,mww,CENC/20160620035055
20160621162634,2016-06-21,16:26:34.420,22.6582,-45.1402,10.0,6.1,mww,CENC/20160621162634
20160621171207,2016-06-21,17:12:07.370,-3.4199,151.8796,354.0,6.3,mww,CENC/20160621171207
20160626111711,2016-06-26,11:17:11.280,39.4793,73.3388,13.0,6.4,mww,CENC/20160626111711
20160630113033,2016-06-30,11:30:33.050,-16.0558,167.4701,27.0,6.0,mww,CENC/20160630113033
20160710134440,2016-07-10,13:44:40.680,-15.0830,-173.2011,8.0,6.0,mww,CENC/20160710134440
20160711021104,2016-07-11,02:11:04.800,0.5812,-79.6380,21.0,6.3,mww,CENC/20160711021104
20160713121112,2016-07-13,12:11:12.830,-28.0052,-176.4430,12.0,6.3,mww,CENC/20160713121112
20160720151316,2016-07-20,15:13:16.520,-18.9285,169.0547,167.0,6.1,mww,CENC/20160720151316
20160725172650,2016-07-25,17:26:50.210,-26.1067,-70.5111,72.0,6.1,mww,CENC/20160725172650
20160725193845,2016-07-25,19:38:45.560,-2.9690,148.0345,14.0,6.4,mww,CENC/20160725193845
20160729211824,2016-07-29,21:18:24.740,18.5429,145.5073,196.0,7.7,mww,CENC/20160729211824
20160804141512,2016-08-04,14:15:12.930,-22.3343,-66.0078,270.0,6.2,mww,CENC/20160804141512
20160804162433,2016-08-04,16:24:33.530,24.9447,142.0141,510.0,6.3,mww,CENC/20160804162433
20160812012636,2016-08-12,01:26:36.280,-22.4765,173.1167,16.4,7.2,mww,CENC/20160812012636
20160812032932,2016-08-12,03:29:32.710,-25.1758,-177.3433,112.8,6.1,mww,CENC/20160812032932
20160818180943,2016-08-18,18:09:43.940,-55.9035,-123.2414,10.0,6.0,mww,CENC/20160818180943
20160819073222,2016-08-19,07:32:22.710,-55.2852,-31.8766,10.0,7.4,mww,CENC/20160819073222
20160820090126,2016-08-20,09:01:26.210,40.3942,143.6796,10.0,6.0,mww,CENC/20160820090126
20160821034523,2016-08-21,03:45:23.780,-55.3133,-31.7508,12.0,6.1,mww,CENC/20160821034523
20160823193944,2016-08-23,19:39:44.580,-7.2872,122.4345,533.0,6.0,mww,CENC/20160823193944
20160824013632,2016-08-24,01:36:32.870,42.7230,13.1877,4.4,6.2,mww,CENC/20160824013632
20160824103454,2016-08-24,10:34:54.580,20.9228,94.5690,82.0,6.8,mww,CENC/20160824103454
20160829042957,2016-08-29,04:29:57.860,-0.0456,-17.8255,10.0,7.1,mww,CENC/20160829042957
20160831031134,2016-08-31,03:11:34.420,-3.6849,152.7915,476.0,6.8,mww,CENC/20160831031134
20160901163757,2016-09-01,16:37:57.300,-37.3586,179.1461,19.0,7.0,mww,CENC/20160901163757
20160901171406,2016-09-01,17:14:06.060,-37.0522,178.9291,13.7,6.1,mww,CENC/20160901171406
20160905225403,2016-09-05,22:54:03.930,54.4153,168.5415,8.0,6.1,mww,CENC/20160905225403
20160908214620,2016-09-08,21:46:20.100,-54.6136,158.7126,10.0,6.1,mww,CENC/20160908214620
20160910100820,2016-09-10,10:08:20.020,-5.5730,-76.9536,121.0,6.1,mww,CENC/20160910100820
20160914015831,2016-09-14,01:58:31.570,7.3736,-76.1686,18.0,6.0,mww,CENC/20160914015831
20160914072500,2016-09-14,07:25:00.070,-9.3290,159.1673,14.0,6.0,mww,CENC/20160914072500
20160917012017,2016-09-17,01:20:17.940,-2.0829,140.5718,9.0,6.0,mww,CENC/20160917012017
20160920162116,2016-09-20,16:21:16.550,30.5017,142.0478,9.0,6.1,mww,CENC/20160920162116
20160923001434,2016-09-23,00:14:34.700,34.4619,141.6368,10.0,6.2,mww,CENC/20160923001434
20160923225310,2016-09-23,22:53:10.400,6.5717,126.4918,65.0,6.3,mww,CENC/20160923225310
20160924210715,2016-09-24,21:07:15.790,-18.1706,-174.9840,202.0,6.4,mww,CENC/20160924210715
20160924212841,2016-09-24,21:28:41.700,-19.7819,-178.2443,596.4,6.9,mww,CENC/20160924212841
20161015080338,2016-10-15,08:03:38.150,-4.2735,150.3606,442.0,6.3,mww,CENC/20161015080338
20161017061458,2016-10-17,06:14:58.270,-6.0033,148.8871,42.0,6.8,mww,CENC/20161017061458
20161019002601,2016-10-19,00:26:01.090,-4.8626,108.1627,614.0,6.6,mww,CENC/20161019002601
20161021050722,2016-10-21,05:07:22.990,35.3743,133.8092,5.6,6.2,mww,CENC/20161021050722
20161026051949,2016-10-26,05:19:49.930,-15.4371,-174.8622,10.0,6.1,mww,CENC/20161026051949
20161026191808,2016-10-26,19:18:08.430,42.9564,13.0666,10.0,6.1,mww,CENC/20161026191808
20161027203255,2016-10-27,20:32:55.790,-33.7771,-72.5321,12.6,6.0,mww,CENC/20161027203255
20161030064018,2016-10-30,06:40:18.670,42.8621,13.0961,8.0,6.6,mww,CENC/20161030064018
20161101190330,2016-11-01,19:03:30.100,-6.1039,148.6588,52.0,6.0,mww,CENC/20161101190330
20161104162044,2016-11-04,16:20:44.440,-35.0945,-71.0457,90.0,6.3,mww,CENC/20161104162044
20161108045545,2016-11-08,04:55:45.900,-36.5776,-73.5603,20.0,6.0,mww,CENC/20161108045545
20161111214259,2016-11-11,21:42:59.650,38.4973,141.5658,42.4,6.1,mww,CENC/20161111214259
20161113110256,2016-11-13,11:02:56.340,-42.7373,173.0540,15.1,7.8,mww,CENC/20161113110256
20161113113206,2016-11-13,11:32:06.540,-42.3205,173.6694,10.0,6.5,mww,CENC/20161113113206
20161113115245,2016-11-13,11:52:45.010,-42.1762,173.6227,14.0,6.1,mww,CENC/20161113115245
20161113133125,2016-11-13,13:31:25.660,-42.3093,173.6961,2.1,6.2,mww,CENC/20161113133125
20161114003422,2016-11-14,00:34:22.610,-42.6058,173.2543,9.0,6.5,mww,CENC/20161114003422
20161120205744,2016-11-20,20:57:44.000,-31.6226,-68.6259,108.0,6.4,mww,CENC/20161120205744
20161121205949,2016-11-21,20:59:49.270,37.3931,141.3870,9.0,6.9,mww,CENC/20161121205949
20161124184347,2016-11-24,18:43:47.710,11.9097,-88.8968,10.0,6.9,mww,CENC/20161124184347
20161125142430,2016-11-25,14:24:30.710,39.2732,73.9776,17.0,6.6,mww,CENC/20161125142430
20161201224026,2016-12-01,22:40:26.610,-15.3122,-70.8270,12.0,6.2,mww,CENC/20161201224026
20161205011304,2016-12-05,01:13:04.880,-7.3158,123.3802,526.0,6.3,mww,CENC/20161205011304
20161206220333,2016-12-06,22:03:33.390,5.2834,96.1678,13.0,6.5,mww,CENC/20161206220333
20161208051504,2016-12-08,05:15:04.600,43.8229,86.3451,17.6,6.0,mww,CENC/20161208051504
20161208144945,2016-12-08,14:49:45.910,40.4535,-126.1936,8.4,6.6,mww,CENC/20161208144945
20161208173846,2016-12-08,17:38:46.280,-10.6812,161.3273,40.0,7.8,mww,CENC/20161208173846
20161208215607,2016-12-08,21:56:07.500,-10.8416,161.3137,12.3,6.5,mww,CENC/20161208215607
20161209191006,2016-12-09,19:10:06.840,-10.7490,161.1316,19.7,6.9,mww,CENC/20161209191006
20161210162434,2016-12-10,16:24:34.970,-5.6593,154.4734,142.6,6.0,mww,CENC/20161210162434
20161214020122,2016-12-14,02:01:22.810,21.2897,144.4037,22.4,6.0,mww,CENC/20161214020122
20161217105110,2016-12-17,10:51:10.500,-4.5049,153.5216,94.5,7.9,mww,CENC/20161217105110
20161217112736,2016-12-17,11:27:36.170,-5.6291,154.0216,8.4,6.3,mww,CENC/20161217112736
20161218094706,2016-12-18,09:47:06.130,8.3725,137.6736,19.0,6.2,mww,CENC/20161218094706
20161218133010,2016-12-18,13:30:10.680,-9.9738,-70.9698,612.0,6.4,mww,CENC/20161218133010
20161220042129,2016-12-20,04:21:29.150,-10.1750,161.2271,20.0,6.4,mww,CENC/20161220042129
20161220123314,2016-12-20,12:33:14.240,-10.1785,160.9149,10.0,6.0,mww,CENC/20161220123314
20161221001714,2016-12-21,00:17:14.990,-7.5082,127.9206,152.0,6.7,mww,CENC/20161221001714
20161224013216,2016-12-24,01:32:16.040,-5.2453,153.5754,35.0,6.0,mww,CENC/20161224013216
20161225142227,2016-12-25,14:22:27.010,-43.4064,-73.9413,38.0,7.6,mww,CENC/20161225142227
20161229223019,2016-12-29,22:30:19.300,-9.0279,118.6639,79.0,6.3,mww,CENC/20161229223019
